student_id,major,start_year,grad_year
1,Physics,2020,2024
2,Computer Science,2022,2026
3,Mathematics,2020,2024
4,Engineering,2020,2024
5,Physics,2020,2024
6,Physics,2022,2026
7,Biology,2020,2024
8,Biology,2021,2025
9,Computer Science,2020,2024
10,Computer Science,2020,2024
11,Engineering,2022,2026
12,Biology,2020,2024
13,Biology,2020,2024
14,Physics,2022,2026
15,Physics,2022,2026
16,Business,2020,2024
17,Business,2022,2026
18,Mathematics,2020,2024
19,Economics,2020,2024
20,Physics,2021,2025
21,Mathematics,2021,2025
22,Engineering,2020,2024
23,Economics,2021,2025
24,Computer Science,2020,2024
25,Business,2020,2024
26,Mathematics,2021,2025
27,Biology,2021,2025
28,Economics,2020,2024
29,Physics,2021,2025
30,Biology,2020,2024
31,Business,2020,2024
32,Biology,2021,2025
33,Economics,2022,2026
34,Biology,2021,2025
35,Biology,2020,2024
36,Physics,2020,2024
37,Computer Science,2022,2026
38,Engineering,2021,2025
39,Computer Science,2020,2024
40,Economics,2020,2024
41,Business,2021,2025
42,Business,2022,2026
43,Economics,2021,2025
44,Engineering,2021,2025
45,Mathematics,2020,2024
46,Physics,2021,2025
47,Physics,2022,2026
48,Physics,2020,2024
49,Biology,2022,2026
50,Engineering,2022,2026
51,Physics,2020,2024
52,Engineering,2021,2025
53,Business,2021,2025
54,Physics,2022,2026
55,Biology,2020,2024
56,Physics,2021,2025
57,Economics,2020,2024
58,Engineering,2020,2024
59,Economics,2021,2025
60,Business,2021,2025
61,Computer Science,2020,2024
62,Biology,2022,2026
63,Mathematics,2020,2024
64,Physics,2021,2025
65,Business,2022,2026
66,Business,2020,2024
67,Mathematics,2020,2024
68,Engineering,2022,2026
69,Biology,2022,2026
70,Mathematics,2022,2026
71,Biology,2021,2025
72,Biology,2021,2025
73,Mathematics,2020,2024
74,Engineering,2022,2026
75,Business,2020,2024
76,Economics,2020,2024
77,Economics,2020,2024
78,Engineering,2022,2026
79,Engineering,2022,2026
80,Business,2022,2026
81,Computer Science,2021,2025
82,Business,2022,2026
83,Business,2022,2026
84,Mathematics,2022,2026
85,Economics,2020,2024
86,Physics,2022,2026
87,Computer Science,2022,2026
88,Biology,2021,2025
89,Economics,2022,2026
90,Mathematics,2020,2024
91,Mathematics,2021,2025
92,Engineering,2021,2025
93,Computer Science,2022,2026
94,Physics,2021,2025
95,Biology,2020,2024
96,Biology,2020,2024
97,Economics,2022,2026
98,Mathematics,2022,2026
99,Biology,2022,2026
100,Engineering,2020,2024
101,Mathematics,2020,2024
102,Biology,2022,2026
103,Computer Science,2022,2026
104,Mathematics,2021,2025
105,Computer Science,2020,2024
106,Mathematics,2021,2025
107,Engineering,2020,2024
108,Engineering,2022,2026
109,Computer Science,2020,2024
110,Physics,2021,2025
111,Economics,2020,2024
112,Economics,2022,2026
113,Economics,2020,2024
114,Engineering,2022,2026
115,Business,2022,2026
116,Engineering,2021,2025
117,Biology,2022,2026
118,Business,2020,2024
119,Biology,2022,2026
120,Physics,2020,2024
121,Physics,2021,2025
122,Business,2022,2026
123,Physics,2021,2025
124,Business,2022,2026
125,Business,2020,2024
126,Engineering,2020,2024
127,Computer Science,2021,2025
128,Computer Science,2022,2026
129,Biology,2020,2024
130,Biology,2020,2024
131,Computer Science,2020,2024
132,Physics,2022,2026
133,Computer Science,2020,2024
134,Computer Science,2020,2024
135,Economics,2021,2025
136,Computer Science,2022,2026
137,Engineering,2021,2025
138,Physics,2021,2025
139,Engineering,2022,2026
140,Engineering,2022,2026
141,Biology,2022,2026
142,Business,2020,2024
143,Economics,2021,2025
144,Economics,2021,2025
145,Engineering,2020,2024
146,Computer Science,2022,2026
147,Business,2021,2025
148,Business,2021,2025
149,Business,2022,2026
150,Computer Science,2022,2026
151,Physics,2022,2026
152,Computer Science,2020,2024
153,Business,2022,2026
154,Mathematics,2020,2024
155,Engineering,2020,2024
156,Engineering,2022,2026
157,Business,2020,2024
158,Business,2020,2024
159,Mathematics,2021,2025
160,Engineering,2020,2024
161,Business,2022,2026
162,Computer Science,2020,2024
163,Physics,2022,2026
164,Economics,2020,2024
165,Computer Science,2020,2024
166,Engineering,2021,2025
167,Business,2021,2025
168,Engineering,2021,2025
169,Computer Science,2020,2024
170,Business,2020,2024
171,Business,2021,2025
172,Economics,2021,2025
173,Mathematics,2021,2025
174,Physics,2022,2026
175,Economics,2022,2026
176,Physics,2022,2026
177,Business,2020,2024
178,Engineering,2021,2025
179,Engineering,2020,2024
180,Biology,2022,2026
181,Biology,2020,2024
182,Physics,2021,2025
183,Computer Science,2020,2024
184,Biology,2021,2025
185,Biology,2022,2026
186,Engineering,2020,2024
187,Biology,2020,2024
188,Economics,2020,2024
189,Computer Science,2022,2026
190,Computer Science,2022,2026
191,Economics,2020,2024
192,Business,2020,2024
193,Biology,2020,2024
194,Biology,2022,2026
195,Computer Science,2022,2026
196,Computer Science,2021,2025
197,Physics,2022,2026
198,Biology,2022,2026
199,Mathematics,2021,2025
200,Engineering,2022,2026
201,Physics,2021,2025
202,Engineering,2021,2025
203,Business,2020,2024
204,Physics,2022,2026
205,Mathematics,2021,2025
206,Mathematics,2020,2024
207,Computer Science,2021,2025
208,Biology,2022,2026
209,Computer Science,2020,2024
210,Biology,2020,2024
211,Biology,2021,2025
212,Engineering,2021,2025
213,Computer Science,2020,2024
214,Mathematics,2021,2025
215,Engineering,2021,2025
216,Economics,2022,2026
217,Physics,2021,2025
218,Biology,2022,2026
219,Biology,2020,2024
220,Physics,2022,2026
221,Mathematics,2022,2026
222,Computer Science,2020,2024
223,Mathematics,2020,2024
224,Computer Science,2022,2026
225,Biology,2020,2024
226,Mathematics,2021,2025
227,Biology,2020,2024
228,Physics,2021,2025
229,Engineering,2022,2026
230,Physics,2021,2025
231,Biology,2021,2025
232,Mathematics,2020,2024
233,Computer Science,2022,2026
234,Business,2021,2025
235,Computer Science,2020,2024
236,Mathematics,2020,2024
237,Physics,2021,2025
238,Engineering,2022,2026
239,Business,2022,2026
240,Physics,2021,2025
241,Biology,2020,2024
242,Computer Science,2020,2024
243,Physics,2020,2024
244,Biology,2020,2024
245,Economics,2021,2025
246,Biology,2022,2026
247,Engineering,2021,2025
248,Engineering,2020,2024
249,Mathematics,2021,2025
250,Economics,2020,2024
251,Mathematics,2020,2024
252,Physics,2020,2024
253,Physics,2020,2024
254,Mathematics,2022,2026
255,Economics,2021,2025
256,Biology,2022,2026
257,Engineering,2020,2024
258,Economics,2020,2024
259,Economics,2020,2024
260,Business,2020,2024
261,Engineering,2022,2026
262,Mathematics,2021,2025
263,Economics,2022,2026
264,Economics,2022,2026
265,Economics,2020,2024
266,Mathematics,2020,2024
267,Economics,2022,2026
268,Computer Science,2021,2025
269,Economics,2020,2024
270,Economics,2021,2025
271,Engineering,2020,2024
272,Economics,2021,2025
273,Mathematics,2021,2025
274,Economics,2020,2024
275,Engineering,2020,2024
276,Physics,2020,2024
277,Business,2021,2025
278,Mathematics,2020,2024
279,Economics,2021,2025
280,Mathematics,2022,2026
281,Biology,2021,2025
282,Physics,2022,2026
283,Mathematics,2020,2024
284,Computer Science,2021,2025
285,Engineering,2022,2026
286,Mathematics,2020,2024
287,Computer Science,2022,2026
288,Business,2021,2025
289,Physics,2021,2025
290,Business,2022,2026
291,Biology,2020,2024
292,Business,2022,2026
293,Engineering,2021,2025
294,Computer Science,2022,2026
295,Business,2020,2024
296,Biology,2022,2026
297,Physics,2022,2026
298,Physics,2022,2026
299,Physics,2020,2024
300,Mathematics,2021,2025
301,Computer Science,2022,2026
302,Mathematics,2022,2026
303,Mathematics,2022,2026
304,Economics,2020,2024
305,Physics,2021,2025
306,Biology,2021,2025
307,Physics,2021,2025
308,Mathematics,2021,2025
309,Physics,2021,2025
310,Biology,2020,2024
311,Engineering,2021,2025
312,Physics,2021,2025
313,Physics,2022,2026
314,Engineering,2022,2026
315,Biology,2021,2025
316,Business,2022,2026
317,Economics,2020,2024
318,Mathematics,2021,2025
319,Engineering,2021,2025
320,Economics,2022,2026
321,Biology,2022,2026
322,Mathematics,2021,2025
323,Business,2021,2025
324,Physics,2020,2024
325,Biology,2021,2025
326,Economics,2022,2026
327,Engineering,2022,2026
328,Computer Science,2021,2025
329,Biology,2022,2026
330,Physics,2022,2026
331,Mathematics,2020,2024
332,Economics,2020,2024
333,Physics,2021,2025
334,Engineering,2020,2024
335,Engineering,2020,2024
336,Computer Science,2020,2024
337,Business,2022,2026
338,Economics,2020,2024
339,Business,2021,2025
340,Physics,2022,2026
341,Engineering,2022,2026
342,Physics,2021,2025
343,Business,2021,2025
344,Engineering,2020,2024
345,Physics,2022,2026
346,Computer Science,2020,2024
347,Economics,2021,2025
348,Engineering,2020,2024
349,Economics,2022,2026
350,Biology,2021,2025
351,Computer Science,2022,2026
352,Engineering,2020,2024
353,Business,2020,2024
354,Economics,2021,2025
355,Physics,2022,2026
356,Biology,2022,2026
357,Mathematics,2021,2025
358,Biology,2022,2026
359,Biology,2021,2025
360,Economics,2022,2026
361,Business,2020,2024
362,Physics,2021,2025
363,Business,2021,2025
364,Economics,2020,2024
365,Economics,2022,2026
366,Mathematics,2022,2026
367,Business,2022,2026
368,Engineering,2021,2025
369,Business,2020,2024
370,Physics,2021,2025
371,Engineering,2021,2025
372,Mathematics,2021,2025
373,Biology,2020,2024
374,Engineering,2020,2024
375,Engineering,2021,2025
376,Physics,2020,2024
377,Physics,2020,2024
378,Computer Science,2021,2025
379,Business,2021,2025
380,Biology,2021,2025
381,Business,2020,2024
382,Engineering,2021,2025
383,Business,2022,2026
384,Physics,2020,2024
385,Economics,2022,2026
386,Business,2021,2025
387,Computer Science,2021,2025
388,Mathematics,2021,2025
389,Economics,2021,2025
390,Biology,2022,2026
391,Physics,2022,2026
392,Economics,2022,2026
393,Engineering,2021,2025
394,Engineering,2021,2025
395,Business,2021,2025
396,Computer Science,2021,2025
397,Mathematics,2022,2026
398,Physics,2021,2025
399,Physics,2020,2024
400,Economics,2021,2025
401,Engineering,2022,2026
402,Biology,2020,2024
403,Business,2022,2026
404,Biology,2022,2026
405,Computer Science,2020,2024
406,Physics,2021,2025
407,Engineering,2021,2025
408,Engineering,2020,2024
409,Mathematics,2021,2025
410,Mathematics,2020,2024
411,Business,2021,2025
412,Mathematics,2021,2025
413,Mathematics,2021,2025
414,Mathematics,2020,2024
415,Business,2020,2024
416,Physics,2022,2026
417,Computer Science,2021,2025
418,Engineering,2022,2026
419,Computer Science,2022,2026
420,Computer Science,2020,2024
421,Engineering,2020,2024
422,Economics,2020,2024
423,Biology,2020,2024
424,Engineering,2020,2024
425,Business,2022,2026
426,Computer Science,2022,2026
427,Engineering,2021,2025
428,Physics,2021,2025
429,Economics,2021,2025
430,Engineering,2022,2026
431,Biology,2022,2026
432,Physics,2020,2024
433,Economics,2020,2024
434,Mathematics,2020,2024
435,Biology,2020,2024
436,Mathematics,2022,2026
437,Physics,2021,2025
438,Business,2022,2026
439,Engineering,2020,2024
440,Biology,2022,2026
441,Economics,2022,2026
442,Engineering,2020,2024
443,Physics,2021,2025
444,Economics,2022,2026
445,Biology,2020,2024
446,Economics,2022,2026
447,Economics,2020,2024
448,Mathematics,2022,2026
449,Business,2022,2026
450,Mathematics,2020,2024
451,Biology,2022,2026
452,Mathematics,2020,2024
453,Economics,2021,2025
454,Economics,2021,2025
455,Computer Science,2021,2025
456,Mathematics,2022,2026
457,Economics,2021,2025
458,Physics,2020,2024
459,Business,2020,2024
460,Physics,2022,2026
461,Physics,2021,2025
462,Biology,2022,2026
463,Economics,2021,2025
464,Business,2021,2025
465,Economics,2022,2026
466,Biology,2021,2025
467,Mathematics,2020,2024
468,Economics,2020,2024
469,Mathematics,2021,2025
470,Engineering,2021,2025
471,Biology,2022,2026
472,Physics,2021,2025
473,Mathematics,2020,2024
474,Business,2021,2025
475,Engineering,2021,2025
476,Engineering,2021,2025
477,Economics,2021,2025
478,Mathematics,2021,2025
479,Biology,2022,2026
480,Mathematics,2022,2026
481,Computer Science,2022,2026
482,Engineering,2020,2024
483,Engineering,2022,2026
484,Business,2021,2025
485,Biology,2020,2024
486,Physics,2021,2025
487,Physics,2022,2026
488,Business,2021,2025
489,Economics,2020,2024
490,Computer Science,2021,2025
491,Engineering,2021,2025
492,Physics,2020,2024
493,Mathematics,2022,2026
494,Biology,2021,2025
495,Business,2022,2026
496,Biology,2021,2025
497,Business,2022,2026
498,Biology,2021,2025
499,Mathematics,2022,2026
500,Business,2021,2025
501,Mathematics,2021,2025
502,Engineering,2020,2024
503,Physics,2020,2024
504,Mathematics,2020,2024
505,Physics,2022,2026
506,Economics,2022,2026
507,Engineering,2020,2024
508,Engineering,2022,2026
509,Business,2021,2025
510,Physics,2022,2026
511,Economics,2022,2026
512,Biology,2021,2025
513,Computer Science,2020,2024
514,Mathematics,2020,2024
515,Mathematics,2020,2024
516,Mathematics,2020,2024
517,Physics,2022,2026
518,Engineering,2021,2025
519,Computer Science,2020,2024
520,Biology,2021,2025
521,Physics,2020,2024
522,Physics,2021,2025
523,Computer Science,2020,2024
524,Biology,2021,2025
525,Business,2021,2025
526,Business,2021,2025
527,Engineering,2020,2024
528,Mathematics,2021,2025
529,Computer Science,2020,2024
530,Business,2021,2025
531,Computer Science,2022,2026
532,Physics,2022,2026
533,Computer Science,2020,2024
534,Engineering,2022,2026
535,Mathematics,2020,2024
536,Engineering,2020,2024
537,Biology,2021,2025
538,Biology,2022,2026
539,Economics,2022,2026
540,Engineering,2022,2026
541,Business,2021,2025
542,Business,2021,2025
543,Economics,2022,2026
544,Business,2021,2025
545,Biology,2022,2026
546,Computer Science,2022,2026
547,Physics,2020,2024
548,Economics,2020,2024
549,Physics,2020,2024
550,Mathematics,2022,2026
551,Computer Science,2020,2024
552,Engineering,2020,2024
553,Biology,2020,2024
554,Engineering,2020,2024
555,Business,2021,2025
556,Physics,2022,2026
557,Business,2021,2025
558,Computer Science,2020,2024
559,Mathematics,2022,2026
560,Mathematics,2022,2026
561,Economics,2021,2025
562,Computer Science,2022,2026
563,Engineering,2021,2025
564,Economics,2022,2026
565,Biology,2022,2026
566,Economics,2020,2024
567,Business,2020,2024
568,Biology,2020,2024
569,Physics,2020,2024
570,Mathematics,2020,2024
571,Computer Science,2020,2024
572,Engineering,2021,2025
573,Biology,2022,2026
574,Economics,2022,2026
575,Mathematics,2021,2025
576,Computer Science,2021,2025
577,Physics,2021,2025
578,Physics,2021,2025
579,Mathematics,2022,2026
580,Biology,2021,2025
581,Business,2020,2024
582,Biology,2020,2024
583,Business,2022,2026
584,Mathematics,2022,2026
585,Mathematics,2020,2024
586,Computer Science,2020,2024
587,Physics,2022,2026
588,Biology,2020,2024
589,Economics,2022,2026
590,Economics,2021,2025
591,Biology,2020,2024
592,Economics,2020,2024
593,Business,2022,2026
594,Physics,2021,2025
595,Mathematics,2020,2024
596,Biology,2021,2025
597,Physics,2021,2025
598,Computer Science,2021,2025
599,Mathematics,2021,2025
600,Mathematics,2021,2025
601,Physics,2020,2024
602,Economics,2020,2024
603,Mathematics,2021,2025
604,Physics,2021,2025
605,Mathematics,2022,2026
606,Business,2022,2026
607,Computer Science,2021,2025
608,Computer Science,2021,2025
609,Mathematics,2021,2025
610,Computer Science,2021,2025
611,Economics,2022,2026
612,Economics,2020,2024
613,Physics,2022,2026
614,Business,2021,2025
615,Computer Science,2020,2024
616,Biology,2021,2025
617,Biology,2021,2025
618,Physics,2021,2025
619,Economics,2020,2024
620,Engineering,2021,2025
621,Biology,2020,2024
622,Mathematics,2021,2025
623,Physics,2021,2025
624,Computer Science,2020,2024
625,Physics,2022,2026
626,Economics,2020,2024
627,Physics,2020,2024
628,Mathematics,2022,2026
629,Computer Science,2022,2026
630,Business,2020,2024
631,Engineering,2020,2024
632,Business,2020,2024
633,Physics,2020,2024
634,Business,2022,2026
635,Mathematics,2022,2026
636,Physics,2021,2025
637,Business,2021,2025
638,Business,2020,2024
639,Business,2022,2026
640,Engineering,2021,2025
641,Engineering,2022,2026
642,Biology,2022,2026
643,Engineering,2020,2024
644,Mathematics,2021,2025
645,Mathematics,2022,2026
646,Mathematics,2020,2024
647,Mathematics,2022,2026
648,Mathematics,2022,2026
649,Biology,2022,2026
650,Business,2020,2024
651,Business,2022,2026
652,Business,2021,2025
653,Mathematics,2022,2026
654,Economics,2022,2026
655,Business,2021,2025
656,Mathematics,2020,2024
657,Physics,2020,2024
658,Biology,2021,2025
659,Engineering,2021,2025
660,Computer Science,2021,2025
661,Physics,2021,2025
662,Physics,2021,2025
663,Business,2022,2026
664,Economics,2022,2026
665,Engineering,2021,2025
666,Computer Science,2020,2024
667,Biology,2022,2026
668,Mathematics,2020,2024
669,Economics,2021,2025
670,Computer Science,2022,2026
671,Business,2020,2024
672,Physics,2020,2024
673,Business,2022,2026
674,Engineering,2020,2024
675,Business,2021,2025
676,Mathematics,2022,2026
677,Physics,2021,2025
678,Physics,2020,2024
679,Economics,2021,2025
680,Economics,2022,2026
681,Economics,2022,2026
682,Business,2021,2025
683,Physics,2022,2026
684,Economics,2021,2025
685,Economics,2022,2026
686,Computer Science,2022,2026
687,Computer Science,2020,2024
688,Physics,2022,2026
689,Mathematics,2020,2024
690,Physics,2020,2024
691,Business,2020,2024
692,Economics,2022,2026
693,Physics,2020,2024
694,Business,2020,2024
695,Physics,2021,2025
696,Computer Science,2020,2024
697,Mathematics,2020,2024
698,Mathematics,2021,2025
699,Mathematics,2021,2025
700,Engineering,2020,2024
701,Biology,2021,2025
702,Biology,2022,2026
703,Economics,2020,2024
704,Engineering,2020,2024
705,Computer Science,2022,2026
706,Economics,2021,2025
707,Biology,2022,2026
708,Engineering,2021,2025
709,Biology,2020,2024
710,Engineering,2021,2025
711,Physics,2021,2025
712,Business,2021,2025
713,Physics,2020,2024
714,Economics,2021,2025
715,Mathematics,2022,2026
716,Biology,2020,2024
717,Computer Science,2021,2025
718,Mathematics,2022,2026
719,Mathematics,2022,2026
720,Business,2022,2026
721,Mathematics,2021,2025
722,Economics,2021,2025
723,Engineering,2021,2025
724,Economics,2021,2025
725,Computer Science,2020,2024
726,Business,2022,2026
727,Mathematics,2022,2026
728,Mathematics,2022,2026
729,Mathematics,2020,2024
730,Economics,2022,2026
731,Business,2021,2025
732,Computer Science,2022,2026
733,Economics,2022,2026
734,Economics,2022,2026
735,Computer Science,2022,2026
736,Physics,2021,2025
737,Economics,2021,2025
738,Economics,2020,2024
739,Biology,2021,2025
740,Engineering,2022,2026
741,Engineering,2022,2026
742,Mathematics,2022,2026
743,Economics,2022,2026
744,Economics,2022,2026
745,Physics,2020,2024
746,Physics,2020,2024
747,Physics,2022,2026
748,Computer Science,2021,2025
749,Economics,2021,2025
750,Computer Science,2022,2026
751,Mathematics,2022,2026
752,Engineering,2020,2024
753,Mathematics,2021,2025
754,Physics,2021,2025
755,Engineering,2020,2024
756,Engineering,2022,2026
757,Mathematics,2022,2026
758,Biology,2021,2025
759,Economics,2020,2024
760,Mathematics,2021,2025
761,Economics,2021,2025
762,Physics,2021,2025
763,Economics,2020,2024
764,Business,2020,2024
765,Engineering,2020,2024
766,Economics,2022,2026
767,Physics,2022,2026
768,Business,2022,2026
769,Mathematics,2020,2024
770,Economics,2021,2025
771,Computer Science,2021,2025
772,Biology,2020,2024
773,Business,2021,2025
774,Physics,2022,2026
775,Physics,2021,2025
776,Biology,2021,2025
777,Economics,2022,2026
778,Mathematics,2020,2024
779,Physics,2020,2024
780,Business,2020,2024
781,Biology,2022,2026
782,Mathematics,2022,2026
783,Engineering,2022,2026
784,Computer Science,2022,2026
785,Economics,2021,2025
786,Physics,2021,2025
787,Physics,2021,2025
788,Computer Science,2020,2024
789,Computer Science,2020,2024
790,Mathematics,2021,2025
791,Computer Science,2020,2024
792,Engineering,2022,2026
793,Engineering,2021,2025
794,Business,2021,2025
795,Physics,2022,2026
796,Physics,2022,2026
797,Business,2022,2026
798,Physics,2022,2026
799,Engineering,2021,2025
800,Physics,2020,2024
801,Economics,2021,2025
802,Biology,2021,2025
803,Mathematics,2020,2024
804,Physics,2021,2025
805,Engineering,2021,2025
806,Business,2020,2024
807,Economics,2021,2025
808,Computer Science,2022,2026
809,Mathematics,2022,2026
810,Physics,2021,2025
811,Computer Science,2021,2025
812,Mathematics,2020,2024
813,Computer Science,2021,2025
814,Computer Science,2022,2026
815,Engineering,2022,2026
816,Physics,2022,2026
817,Computer Science,2020,2024
818,Economics,2021,2025
819,Engineering,2020,2024
820,Economics,2022,2026
821,Engineering,2020,2024
822,Economics,2022,2026
823,Engineering,2022,2026
824,Engineering,2020,2024
825,Mathematics,2020,2024
826,Economics,2022,2026
827,Computer Science,2021,2025
828,Economics,2020,2024
829,Engineering,2022,2026
830,Mathematics,2020,2024
831,Computer Science,2022,2026
832,Economics,2020,2024
833,Engineering,2020,2024
834,Mathematics,2020,2024
835,Biology,2021,2025
836,Computer Science,2020,2024
837,Mathematics,2020,2024
838,Engineering,2022,2026
839,Business,2022,2026
840,Computer Science,2022,2026
841,Computer Science,2021,2025
842,Business,2021,2025
843,Biology,2022,2026
844,Computer Science,2021,2025
845,Biology,2020,2024
846,Biology,2020,2024
847,Physics,2022,2026
848,Biology,2021,2025
849,Business,2022,2026
850,Computer Science,2020,2024
851,Business,2021,2025
852,Business,2022,2026
853,Computer Science,2021,2025
854,Physics,2021,2025
855,Computer Science,2020,2024
856,Mathematics,2022,2026
857,Engineering,2020,2024
858,Engineering,2021,2025
859,Biology,2022,2026
860,Biology,2022,2026
861,Physics,2021,2025
862,Business,2022,2026
863,Biology,2021,2025
864,Business,2022,2026
865,Biology,2021,2025
866,Computer Science,2022,2026
867,Computer Science,2022,2026
868,Physics,2022,2026
869,Physics,2020,2024
870,Business,2021,2025
871,Engineering,2021,2025
872,Mathematics,2021,2025
873,Business,2021,2025
874,Physics,2020,2024
875,Mathematics,2021,2025
876,Mathematics,2022,2026
877,Mathematics,2021,2025
878,Engineering,2022,2026
879,Business,2020,2024
880,Computer Science,2020,2024
881,Computer Science,2021,2025
882,Computer Science,2022,2026
883,Physics,2021,2025
884,Economics,2020,2024
885,Biology,2020,2024
886,Biology,2022,2026
887,Biology,2021,2025
888,Physics,2020,2024
889,Business,2021,2025
890,Economics,2022,2026
891,Economics,2021,2025
892,Economics,2022,2026
893,Computer Science,2021,2025
894,Biology,2021,2025
895,Mathematics,2020,2024
896,Biology,2022,2026
897,Engineering,2020,2024
898,Physics,2021,2025
899,Engineering,2020,2024
900,Mathematics,2022,2026
901,Mathematics,2020,2024
902,Economics,2021,2025
903,Biology,2020,2024
904,Economics,2021,2025
905,Economics,2022,2026
906,Economics,2022,2026
907,Biology,2022,2026
908,Physics,2022,2026
909,Computer Science,2022,2026
910,Physics,2022,2026
911,Mathematics,2020,2024
912,Engineering,2021,2025
913,Physics,2021,2025
914,Mathematics,2021,2025
915,Computer Science,2020,2024
916,Economics,2020,2024
917,Biology,2022,2026
918,Business,2020,2024
919,Engineering,2022,2026
920,Physics,2020,2024
921,Computer Science,2022,2026
922,Biology,2020,2024
923,Business,2021,2025
924,Business,2021,2025
925,Engineering,2021,2025
926,Mathematics,2022,2026
927,Mathematics,2022,2026
928,Biology,2020,2024
929,Computer Science,2020,2024
930,Engineering,2022,2026
931,Computer Science,2022,2026
932,Computer Science,2021,2025
933,Business,2022,2026
934,Business,2021,2025
935,Biology,2021,2025
936,Business,2021,2025
937,Engineering,2022,2026
938,Computer Science,2021,2025
939,Business,2020,2024
940,Mathematics,2022,2026
941,Physics,2022,2026
942,Business,2022,2026
943,Physics,2021,2025
944,Computer Science,2020,2024
945,Business,2022,2026
946,Computer Science,2020,2024
947,Engineering,2021,2025
948,Engineering,2020,2024
949,Economics,2021,2025
950,Mathematics,2021,2025
951,Computer Science,2020,2024
952,Business,2022,2026
953,Business,2020,2024
954,Engineering,2021,2025
955,Biology,2022,2026
956,Engineering,2022,2026
957,Biology,2022,2026
958,Economics,2021,2025
959,Computer Science,2021,2025
960,Economics,2022,2026
961,Computer Science,2021,2025
962,Computer Science,2021,2025
963,Computer Science,2021,2025
964,Biology,2021,2025
965,Biology,2021,2025
966,Physics,2022,2026
967,Business,2021,2025
968,Computer Science,2021,2025
969,Computer Science,2021,2025
970,Engineering,2022,2026
971,Business,2022,2026
972,Mathematics,2020,2024
973,Business,2020,2024
974,Engineering,2021,2025
975,Biology,2021,2025
976,Biology,2020,2024
977,Business,2021,2025
978,Physics,2021,2025
979,Engineering,2021,2025
980,Economics,2020,2024
981,Computer Science,2022,2026
982,Physics,2020,2024
983,Biology,2022,2026
984,Engineering,2021,2025
985,Mathematics,2022,2026
986,Economics,2022,2026
987,Economics,2020,2024
988,Engineering,2020,2024
989,Engineering,2021,2025
990,Engineering,2020,2024
991,Biology,2020,2024
992,Economics,2022,2026
993,Computer Science,2020,2024
994,Economics,2022,2026
995,Business,2021,2025
996,Economics,2022,2026
997,Economics,2022,2026
998,Business,2022,2026
999,Biology,2022,2026
1000,Physics,2022,2026
